Rotulo,Materia
0,ciência política teoria geral direito
1,ciência política teoria geral estado
2,clínica direitos humanos
3,conceitos básicos prática forense
4,controle constitucionalidade
5,criminologia
6,desenvolvimento habilidades gerais
7,direito administrativo contratos públicos responsabilidade fiscal
8,direito administrativo geral
9,direito ambiental agrário
10,direito cibernético
11,direito civil contratos espécie responsabilidade civil
12,direito civil direito coisas
13,direito civil direito família
14,direito civil direito sucessões
15,direito civil obrigações
16,direito civil pessoas naturais teoria geral direito civil
17,direito civil teoria geral contratos
18,direito constitucional direitos fundamentais
19,direito constitucional organização estado poderes
20,direito constitucional teoria constituição
21,direito criminal crimes pessoa crimes organização trabalho
22,direito criminal crimes sentimento religioso crimes administração pública
23,direito criminal teoria crime
24,direito criminal teoria pena
25,direito eleitoral
26,direito empresarial falência recuperação empresarial
27,direito empresarial geral
28,direito internacional público
29,direito linguagem interpretação
30,direito médico saúde
31,direito previdenciário seguridade social
32,direito processual civil
33,direito processual civil instrução processual
34,direito processual civil processo execução
35,direito processual civil tutelas provisórias
36,direito processual penal normas preliminares
37,direito processual penal nulidades recursos
38,direito processual penal persecução penal
39,direito processual trabalho
40,direito trabalho relações coletivas
41,direito trabalho relações privadas
42,direito tributário normas específicas
43,direito tributário parte geral
44,direitos humanos diversidade
45,educação ambiental sustentabilidade
46,história direito
47,legislação penal extravagante
48,mediação conciliação arbitragem
49,projeto extensão
50,projeto extensão iii
51,prática criminal tribunal júri
52,prática cível consumerista
53,prática trabalhista previdenciária
54,psicologia forense
55,relações interpessoais
56,startups jurídicas legislação específica
57,tecnologia gestão conhecimento
58,teoria geral direito
59,teoria geral processo
60,trabalho curso
61,ética deontologia gestão advocacia
